{
  "hash": "a53a75af",
  "configHash": "dda2d79a",
  "lockfileHash": "15f28a2f",
  "browserHash": "5f209eb6",
  "optimized": {
    "@angular/cdk/bidi": {
      "src": "../../../../../../node_modules/@angular/cdk/fesm2022/bidi.mjs",
      "file": "@angular_cdk_bidi.js",
      "fileHash": "e02c7aeb",
      "needsInterop": false
    },
    "@angular/cdk/text-field": {
      "src": "../../../../../../node_modules/@angular/cdk/fesm2022/text-field.mjs",
      "file": "@angular_cdk_text-field.js",
      "fileHash": "c64d0e58",
      "needsInterop": false
    },
    "@angular/common": {
      "src": "../../../../../../node_modules/@angular/common/fesm2022/common.mjs",
      "file": "@angular_common.js",
      "fileHash": "83a8739b",
      "needsInterop": false
    },
    "@angular/common/http": {
      "src": "../../../../../../node_modules/@angular/common/fesm2022/http.mjs",
      "file": "@angular_common_http.js",
      "fileHash": "b8b973ae",
      "needsInterop": false
    },
    "@angular/core": {
      "src": "../../../../../../node_modules/@angular/core/fesm2022/core.mjs",
      "file": "@angular_core.js",
      "fileHash": "d8c9c00e",
      "needsInterop": false
    },
    "@angular/forms": {
      "src": "../../../../../../node_modules/@angular/forms/fesm2022/forms.mjs",
      "file": "@angular_forms.js",
      "fileHash": "a062ca12",
      "needsInterop": false
    },
    "@angular/material/button": {
      "src": "../../../../../../node_modules/@angular/material/fesm2022/button.mjs",
      "file": "@angular_material_button.js",
      "fileHash": "5536af2d",
      "needsInterop": false
    },
    "@angular/material/card": {
      "src": "../../../../../../node_modules/@angular/material/fesm2022/card.mjs",
      "file": "@angular_material_card.js",
      "fileHash": "1a7c2168",
      "needsInterop": false
    },
    "@angular/material/form-field": {
      "src": "../../../../../../node_modules/@angular/material/fesm2022/form-field.mjs",
      "file": "@angular_material_form-field.js",
      "fileHash": "b86d46ea",
      "needsInterop": false
    },
    "@angular/material/input": {
      "src": "../../../../../../node_modules/@angular/material/fesm2022/input.mjs",
      "file": "@angular_material_input.js",
      "fileHash": "4ff357db",
      "needsInterop": false
    },
    "@angular/platform-browser": {
      "src": "../../../../../../node_modules/@angular/platform-browser/fesm2022/platform-browser.mjs",
      "file": "@angular_platform-browser.js",
      "fileHash": "b4b86f59",
      "needsInterop": false
    },
    "@angular/platform-browser/animations": {
      "src": "../../../../../../node_modules/@angular/platform-browser/fesm2022/animations.mjs",
      "file": "@angular_platform-browser_animations.js",
      "fileHash": "0750086d",
      "needsInterop": false
    },
    "@angular/router": {
      "src": "../../../../../../node_modules/@angular/router/fesm2022/router.mjs",
      "file": "@angular_router.js",
      "fileHash": "be220129",
      "needsInterop": false
    }
  },
  "chunks": {
    "chunk-2JROTGUQ": {
      "file": "chunk-2JROTGUQ.js"
    },
    "chunk-OBVIAW5Q": {
      "file": "chunk-OBVIAW5Q.js"
    },
    "chunk-RJSPDE5P": {
      "file": "chunk-RJSPDE5P.js"
    },
    "chunk-5SOOR5JX": {
      "file": "chunk-5SOOR5JX.js"
    },
    "chunk-PHKXFQ2S": {
      "file": "chunk-PHKXFQ2S.js"
    },
    "chunk-NPBR3YW7": {
      "file": "chunk-NPBR3YW7.js"
    },
    "chunk-ROC7BCAV": {
      "file": "chunk-ROC7BCAV.js"
    },
    "chunk-Y534KWYI": {
      "file": "chunk-Y534KWYI.js"
    },
    "chunk-LX77SFBY": {
      "file": "chunk-LX77SFBY.js"
    },
    "chunk-74GEQGN4": {
      "file": "chunk-74GEQGN4.js"
    }
  }
}